training_seed,mask_seed,term,unmasked_accuracy,nonrecent_masked_accuracy,random_masked_accuracy,baseline_accuracy,raw_nonrecent_cost_pp,random_deletion_cost_pp,nonrecent_excess_cost_pp,attnres_relative_gain_pp,absolute_ability_pp
1337,20260718,anaphor_agreement,87.28,63.46,66.04,89.06,23.82,21.239999999999995,2.5800000000000054,-1.7800000000000011,37.28
1337,20260719,anaphor_agreement,87.28,63.46,72.03,89.06,23.82,15.25,8.57,-1.7800000000000011,37.28
1337,20260720,anaphor_agreement,87.28,63.46,63.83,89.06,23.82,23.450000000000003,0.36999999999999744,-1.7800000000000011,37.28
1337,20260721,anaphor_agreement,87.28,63.46,61.93,89.06,23.82,25.35,-1.5300000000000011,-1.7800000000000011,37.28
1337,20260722,anaphor_agreement,87.28,63.46,68.51,89.06,23.82,18.769999999999996,5.050000000000004,-1.7800000000000011,37.28
1337,20260718,argument_structure,67.84,57.11,60.03,67.06,10.730000000000004,7.810000000000002,2.9200000000000017,0.7800000000000011,17.840000000000003
1337,20260719,argument_structure,67.84,57.11,58.98,67.06,10.730000000000004,8.860000000000007,1.8699999999999974,0.7800000000000011,17.840000000000003
1337,20260720,argument_structure,67.84,57.11,58.68,67.06,10.730000000000004,9.160000000000004,1.5700000000000003,0.7800000000000011,17.840000000000003
1337,20260721,argument_structure,67.84,57.11,60.16,67.06,10.730000000000004,7.680000000000007,3.049999999999997,0.7800000000000011,17.840000000000003
1337,20260722,argument_structure,67.84,57.11,61.02,67.06,10.730000000000004,6.82,3.9100000000000037,0.7800000000000011,17.840000000000003
1337,20260718,binding,66.11,60.84,59.71,68.49,5.269999999999996,6.399999999999999,-1.1300000000000026,-2.3799999999999955,16.11
1337,20260719,binding,66.11,60.84,59.72,68.49,5.269999999999996,6.390000000000001,-1.1200000000000045,-2.3799999999999955,16.11
1337,20260720,binding,66.11,60.84,60.88,68.49,5.269999999999996,5.229999999999997,0.03999999999999915,-2.3799999999999955,16.11
1337,20260721,binding,66.11,60.84,60.78,68.49,5.269999999999996,5.329999999999998,-0.060000000000002274,-2.3799999999999955,16.11
1337,20260722,binding,66.11,60.84,61.34,68.49,5.269999999999996,4.769999999999996,0.5,-2.3799999999999955,16.11
1337,20260718,control_raising,64.18,54.62,56.7,62.11,9.56000000000001,7.480000000000004,2.0800000000000054,2.0700000000000074,14.180000000000007
1337,20260719,control_raising,64.18,54.62,57.0,62.11,9.56000000000001,7.180000000000007,2.3800000000000026,2.0700000000000074,14.180000000000007
1337,20260720,control_raising,64.18,54.62,55.67,62.11,9.56000000000001,8.510000000000005,1.0500000000000043,2.0700000000000074,14.180000000000007
1337,20260721,control_raising,64.18,54.62,56.38,62.11,9.56000000000001,7.800000000000004,1.7600000000000051,2.0700000000000074,14.180000000000007
1337,20260722,control_raising,64.18,54.62,57.21,62.11,9.56000000000001,6.970000000000006,2.5900000000000034,2.0700000000000074,14.180000000000007
1337,20260718,determiner_noun_agreement,86.47,56.72,62.4,86.54,29.75,24.07,5.68,-0.07000000000000739,36.47
1337,20260719,determiner_noun_agreement,86.47,56.72,61.58,86.54,29.75,24.89,4.859999999999999,-0.07000000000000739,36.47
1337,20260720,determiner_noun_agreement,86.47,56.72,61.2,86.54,29.75,25.269999999999996,4.480000000000004,-0.07000000000000739,36.47
1337,20260721,determiner_noun_agreement,86.47,56.72,62.61,86.54,29.75,23.86,5.890000000000001,-0.07000000000000739,36.47
1337,20260722,determiner_noun_agreement,86.47,56.72,65.01,86.54,29.75,21.459999999999994,8.290000000000006,-0.07000000000000739,36.47
1337,20260718,ellipsis,68.16,35.4,33.56,68.47,32.76,34.599999999999994,-1.8399999999999963,-0.3100000000000023,18.159999999999997
1337,20260719,ellipsis,68.16,35.4,34.85,68.47,32.76,33.309999999999995,-0.5499999999999972,-0.3100000000000023,18.159999999999997
1337,20260720,ellipsis,68.16,35.4,34.54,68.47,32.76,33.62,-0.8599999999999994,-0.3100000000000023,18.159999999999997
1337,20260721,ellipsis,68.16,35.4,38.65,68.47,32.76,29.509999999999998,3.25,-0.3100000000000023,18.159999999999997
1337,20260722,ellipsis,68.16,35.4,37.06,68.47,32.76,31.099999999999994,1.6600000000000037,-0.3100000000000023,18.159999999999997
1337,20260718,filler_gap_dependency,69.66,60.2,62.23,67.57,9.459999999999994,7.43,2.029999999999994,2.0900000000000034,19.659999999999997
1337,20260719,filler_gap_dependency,69.66,60.2,62.66,67.57,9.459999999999994,7.0,2.4599999999999937,2.0900000000000034,19.659999999999997
1337,20260720,filler_gap_dependency,69.66,60.2,60.85,67.57,9.459999999999994,8.809999999999995,0.6499999999999986,2.0900000000000034,19.659999999999997
1337,20260721,filler_gap_dependency,69.66,60.2,61.85,67.57,9.459999999999994,7.809999999999995,1.6499999999999986,2.0900000000000034,19.659999999999997
1337,20260722,filler_gap_dependency,69.66,60.2,62.23,67.57,9.459999999999994,7.43,2.029999999999994,2.0900000000000034,19.659999999999997
1337,20260718,irregular_forms,89.54,66.32,75.93,88.18,23.220000000000013,13.61,9.610000000000014,1.3599999999999994,39.540000000000006
1337,20260719,irregular_forms,89.54,66.32,64.06,88.18,23.220000000000013,25.480000000000004,-2.259999999999991,1.3599999999999994,39.540000000000006
1337,20260720,irregular_forms,89.54,66.32,68.58,88.18,23.220000000000013,20.960000000000008,2.260000000000005,1.3599999999999994,39.540000000000006
1337,20260721,irregular_forms,89.54,66.32,69.84,88.18,23.220000000000013,19.700000000000003,3.5200000000000102,1.3599999999999994,39.540000000000006
1337,20260722,irregular_forms,89.54,66.32,77.3,88.18,23.220000000000013,12.240000000000009,10.980000000000004,1.3599999999999994,39.540000000000006
1337,20260718,island_effects,54.39,54.26,55.79,55.45,0.13000000000000256,-1.3999999999999986,1.5300000000000011,-1.0600000000000023,4.390000000000001
1337,20260719,island_effects,54.39,54.26,56.19,55.45,0.13000000000000256,-1.7999999999999972,1.9299999999999997,-1.0600000000000023,4.390000000000001
1337,20260720,island_effects,54.39,54.26,56.27,55.45,0.13000000000000256,-1.8800000000000026,2.010000000000005,-1.0600000000000023,4.390000000000001
1337,20260721,island_effects,54.39,54.26,56.82,55.45,0.13000000000000256,-2.4299999999999997,2.5600000000000023,-1.0600000000000023,4.390000000000001
1337,20260722,island_effects,54.39,54.26,49.92,55.45,0.13000000000000256,4.469999999999999,-4.339999999999996,-1.0600000000000023,4.390000000000001
1337,20260718,npi_licensing,50.57,42.36,44.67,59.67,8.21,5.899999999999999,2.3100000000000023,-9.100000000000001,0.5700000000000003
1337,20260719,npi_licensing,50.57,42.36,42.26,59.67,8.21,8.310000000000002,-0.10000000000000142,-9.100000000000001,0.5700000000000003
1337,20260720,npi_licensing,50.57,42.36,45.57,59.67,8.21,5.0,3.210000000000001,-9.100000000000001,0.5700000000000003
1337,20260721,npi_licensing,50.57,42.36,45.63,59.67,8.21,4.939999999999998,3.270000000000003,-9.100000000000001,0.5700000000000003
1337,20260722,npi_licensing,50.57,42.36,40.73,59.67,8.21,9.840000000000003,-1.6300000000000026,-9.100000000000001,0.5700000000000003
1337,20260718,quantifiers,79.01,52.89,60.64,82.92,26.120000000000005,18.370000000000005,7.75,-3.9099999999999966,29.010000000000005
1337,20260719,quantifiers,79.01,52.89,64.74,82.92,26.120000000000005,14.27000000000001,11.849999999999994,-3.9099999999999966,29.010000000000005
1337,20260720,quantifiers,79.01,52.89,61.35,82.92,26.120000000000005,17.660000000000004,8.46,-3.9099999999999966,29.010000000000005
1337,20260721,quantifiers,79.01,52.89,64.98,82.92,26.120000000000005,14.030000000000001,12.090000000000003,-3.9099999999999966,29.010000000000005
1337,20260722,quantifiers,79.01,52.89,60.35,82.92,26.120000000000005,18.660000000000004,7.460000000000001,-3.9099999999999966,29.010000000000005
1337,20260718,s-selection,78.99,69.58,71.73,77.78,9.409999999999997,7.259999999999991,2.1500000000000057,1.2099999999999937,28.989999999999995
1337,20260719,s-selection,78.99,69.58,70.96,77.78,9.409999999999997,8.030000000000001,1.3799999999999955,1.2099999999999937,28.989999999999995
1337,20260720,s-selection,78.99,69.58,70.85,77.78,9.409999999999997,8.14,1.269999999999996,1.2099999999999937,28.989999999999995
1337,20260721,s-selection,78.99,69.58,70.3,77.78,9.409999999999997,8.689999999999998,0.7199999999999989,1.2099999999999937,28.989999999999995
1337,20260722,s-selection,78.99,69.58,71.4,77.78,9.409999999999997,7.589999999999989,1.8200000000000074,1.2099999999999937,28.989999999999995
1337,20260718,subject_verb_agreement,66.72,50.52,50.27,64.87,16.199999999999996,16.449999999999996,-0.25,1.8499999999999943,16.72
1337,20260719,subject_verb_agreement,66.72,50.52,53.87,64.87,16.199999999999996,12.850000000000001,3.3499999999999943,1.8499999999999943,16.72
1337,20260720,subject_verb_agreement,66.72,50.52,50.62,64.87,16.199999999999996,16.1,0.09999999999999432,1.8499999999999943,16.72
1337,20260721,subject_verb_agreement,66.72,50.52,52.58,64.87,16.199999999999996,14.14,2.059999999999995,1.8499999999999943,16.72
1337,20260722,subject_verb_agreement,66.72,50.52,52.56,64.87,16.199999999999996,14.159999999999997,2.039999999999999,1.8499999999999943,16.72
1338,20260718,anaphor_agreement,87.91,63.3,68.45,87.91,24.61,19.459999999999994,5.150000000000006,0.0,37.91
1338,20260719,anaphor_agreement,87.91,63.3,74.55,87.91,24.61,13.36,11.25,0.0,37.91
1338,20260720,anaphor_agreement,87.91,63.3,62.78,87.91,24.61,25.129999999999995,-0.519999999999996,0.0,37.91
1338,20260721,anaphor_agreement,87.91,63.3,66.09,87.91,24.61,21.819999999999993,2.7900000000000063,0.0,37.91
1338,20260722,anaphor_agreement,87.91,63.3,71.61,87.91,24.61,16.299999999999997,8.310000000000002,0.0,37.91
1338,20260718,argument_structure,69.47,56.42,60.46,67.57,13.049999999999997,9.009999999999998,4.039999999999999,1.9000000000000057,19.47
1338,20260719,argument_structure,69.47,56.42,59.39,67.57,13.049999999999997,10.079999999999998,2.969999999999999,1.9000000000000057,19.47
1338,20260720,argument_structure,69.47,56.42,58.7,67.57,13.049999999999997,10.769999999999996,2.280000000000001,1.9000000000000057,19.47
1338,20260721,argument_structure,69.47,56.42,59.52,67.57,13.049999999999997,9.949999999999996,3.1000000000000014,1.9000000000000057,19.47
1338,20260722,argument_structure,69.47,56.42,61.58,67.57,13.049999999999997,7.890000000000001,5.159999999999997,1.9000000000000057,19.47
1338,20260718,binding,68.77,61.54,62.86,67.19,7.229999999999997,5.909999999999997,1.3200000000000003,1.5799999999999983,18.769999999999996
1338,20260719,binding,68.77,61.54,62.14,67.19,7.229999999999997,6.6299999999999955,0.6000000000000014,1.5799999999999983,18.769999999999996
1338,20260720,binding,68.77,61.54,61.94,67.19,7.229999999999997,6.829999999999998,0.3999999999999986,1.5799999999999983,18.769999999999996
1338,20260721,binding,68.77,61.54,60.41,67.19,7.229999999999997,8.36,-1.1300000000000026,1.5799999999999983,18.769999999999996
1338,20260722,binding,68.77,61.54,61.08,67.19,7.229999999999997,7.689999999999998,-0.46000000000000085,1.5799999999999983,18.769999999999996
1338,20260718,control_raising,65.02,56.2,58.15,63.24,8.819999999999993,6.869999999999997,1.9499999999999957,1.779999999999994,15.019999999999996
1338,20260719,control_raising,65.02,56.2,56.98,63.24,8.819999999999993,8.04,0.779999999999994,1.779999999999994,15.019999999999996
1338,20260720,control_raising,65.02,56.2,57.51,63.24,8.819999999999993,7.509999999999998,1.3099999999999952,1.779999999999994,15.019999999999996
1338,20260721,control_raising,65.02,56.2,57.55,63.24,8.819999999999993,7.469999999999999,1.3499999999999943,1.779999999999994,15.019999999999996
1338,20260722,control_raising,65.02,56.2,56.96,63.24,8.819999999999993,8.059999999999995,0.759999999999998,1.779999999999994,15.019999999999996
1338,20260718,determiner_noun_agreement,86.69,58.13,62.62,84.93,28.559999999999995,24.07,4.489999999999995,1.759999999999991,36.69
1338,20260719,determiner_noun_agreement,86.69,58.13,61.12,84.93,28.559999999999995,25.57,2.989999999999995,1.759999999999991,36.69
1338,20260720,determiner_noun_agreement,86.69,58.13,61.75,84.93,28.559999999999995,24.939999999999998,3.6199999999999974,1.759999999999991,36.69
1338,20260721,determiner_noun_agreement,86.69,58.13,62.43,84.93,28.559999999999995,24.259999999999998,4.299999999999997,1.759999999999991,36.69
1338,20260722,determiner_noun_agreement,86.69,58.13,63.61,84.93,28.559999999999995,23.08,5.479999999999997,1.759999999999991,36.69
1338,20260718,ellipsis,65.28,35.52,36.38,66.07,29.759999999999998,28.9,0.8599999999999994,-0.789999999999992,15.280000000000001
1338,20260719,ellipsis,65.28,35.52,35.89,66.07,29.759999999999998,29.39,0.36999999999999744,-0.789999999999992,15.280000000000001
1338,20260720,ellipsis,65.28,35.52,36.93,66.07,29.759999999999998,28.35,1.4099999999999966,-0.789999999999992,15.280000000000001
1338,20260721,ellipsis,65.28,35.52,36.32,66.07,29.759999999999998,28.96,0.7999999999999972,-0.789999999999992,15.280000000000001
1338,20260722,ellipsis,65.28,35.52,37.67,66.07,29.759999999999998,27.61,2.1499999999999986,-0.789999999999992,15.280000000000001
1338,20260718,filler_gap_dependency,69.49,57.42,60.14,68.36,12.069999999999993,9.349999999999994,2.719999999999999,1.1299999999999955,19.489999999999995
1338,20260719,filler_gap_dependency,69.49,57.42,62.66,68.36,12.069999999999993,6.829999999999998,5.239999999999995,1.1299999999999955,19.489999999999995
1338,20260720,filler_gap_dependency,69.49,57.42,62.74,68.36,12.069999999999993,6.749999999999993,5.32,1.1299999999999955,19.489999999999995
1338,20260721,filler_gap_dependency,69.49,57.42,63.7,68.36,12.069999999999993,5.789999999999992,6.280000000000001,1.1299999999999955,19.489999999999995
1338,20260722,filler_gap_dependency,69.49,57.42,63.81,68.36,12.069999999999993,5.679999999999993,6.390000000000001,1.1299999999999955,19.489999999999995
1338,20260718,irregular_forms,80.14,65.95,67.47,86.18,14.189999999999998,12.670000000000002,1.519999999999996,-6.040000000000006,30.14
1338,20260719,irregular_forms,80.14,65.95,64.06,86.18,14.189999999999998,16.08,-1.8900000000000006,-6.040000000000006,30.14
1338,20260720,irregular_forms,80.14,65.95,48.71,86.18,14.189999999999998,31.43,-17.240000000000002,-6.040000000000006,30.14
1338,20260721,irregular_forms,80.14,65.95,65.53,86.18,14.189999999999998,14.61,-0.4200000000000017,-6.040000000000006,30.14
1338,20260722,irregular_forms,80.14,65.95,72.67,86.18,14.189999999999998,7.469999999999999,6.719999999999999,-6.040000000000006,30.14
1338,20260718,island_effects,49.73,49.7,50.89,51.17,0.02999999999999403,-1.1600000000000037,1.1899999999999977,-1.4400000000000048,-0.2700000000000031
1338,20260719,island_effects,49.73,49.7,52.98,51.17,0.02999999999999403,-3.25,3.279999999999994,-1.4400000000000048,-0.2700000000000031
1338,20260720,island_effects,49.73,49.7,52.24,51.17,0.02999999999999403,-2.510000000000005,2.539999999999999,-1.4400000000000048,-0.2700000000000031
1338,20260721,island_effects,49.73,49.7,53.21,51.17,0.02999999999999403,-3.480000000000004,3.509999999999998,-1.4400000000000048,-0.2700000000000031
1338,20260722,island_effects,49.73,49.7,51.41,51.17,0.02999999999999403,-1.6799999999999997,1.7099999999999937,-1.4400000000000048,-0.2700000000000031
1338,20260718,npi_licensing,49.62,43.08,49.18,54.93,6.539999999999999,0.4399999999999977,6.100000000000001,-5.310000000000002,-0.38000000000000256
1338,20260719,npi_licensing,49.62,43.08,40.03,54.93,6.539999999999999,9.589999999999996,-3.049999999999997,-5.310000000000002,-0.38000000000000256
1338,20260720,npi_licensing,49.62,43.08,45.34,54.93,6.539999999999999,4.279999999999994,2.260000000000005,-5.310000000000002,-0.38000000000000256
1338,20260721,npi_licensing,49.62,43.08,49.94,54.93,6.539999999999999,-0.3200000000000003,6.859999999999999,-5.310000000000002,-0.38000000000000256
1338,20260722,npi_licensing,49.62,43.08,41.77,54.93,6.539999999999999,7.849999999999994,-1.3099999999999952,-5.310000000000002,-0.38000000000000256
1338,20260718,quantifiers,80.64,58.2,71.2,81.08,22.439999999999998,9.439999999999998,13.0,-0.4399999999999977,30.64
1338,20260719,quantifiers,80.64,58.2,64.37,81.08,22.439999999999998,16.269999999999996,6.170000000000002,-0.4399999999999977,30.64
1338,20260720,quantifiers,80.64,58.2,63.85,81.08,22.439999999999998,16.79,5.649999999999999,-0.4399999999999977,30.64
1338,20260721,quantifiers,80.64,58.2,69.02,81.08,22.439999999999998,11.620000000000005,10.819999999999993,-0.4399999999999977,30.64
1338,20260722,quantifiers,80.64,58.2,73.75,81.08,22.439999999999998,6.890000000000001,15.549999999999997,-0.4399999999999977,30.64
1338,20260718,s-selection,77.83,68.65,68.98,77.12,9.179999999999993,8.849999999999994,0.3299999999999983,0.7099999999999937,27.83
1338,20260719,s-selection,77.83,68.65,70.79,77.12,9.179999999999993,7.039999999999992,2.1400000000000006,0.7099999999999937,27.83
1338,20260720,s-selection,77.83,68.65,70.57,77.12,9.179999999999993,7.260000000000005,1.9199999999999875,0.7099999999999937,27.83
1338,20260721,s-selection,77.83,68.65,70.24,77.12,9.179999999999993,7.590000000000003,1.5899999999999892,0.7099999999999937,27.83
1338,20260722,s-selection,77.83,68.65,71.29,77.12,9.179999999999993,6.539999999999992,2.6400000000000006,0.7099999999999937,27.83
1338,20260718,subject_verb_agreement,67.34,52.91,53.24,68.25,14.430000000000007,14.100000000000001,0.3300000000000054,-0.9099999999999966,17.340000000000003
1338,20260719,subject_verb_agreement,67.34,52.91,54.12,68.25,14.430000000000007,13.220000000000006,1.2100000000000009,-0.9099999999999966,17.340000000000003
1338,20260720,subject_verb_agreement,67.34,52.91,53.24,68.25,14.430000000000007,14.100000000000001,0.3300000000000054,-0.9099999999999966,17.340000000000003
1338,20260721,subject_verb_agreement,67.34,52.91,51.62,68.25,14.430000000000007,15.720000000000006,-1.2899999999999991,-0.9099999999999966,17.340000000000003
1338,20260722,subject_verb_agreement,67.34,52.91,54.08,68.25,14.430000000000007,13.260000000000005,1.1700000000000017,-0.9099999999999966,17.340000000000003
1339,20260718,anaphor_agreement,85.54,52.73,60.62,86.8,32.81000000000001,24.92000000000001,7.890000000000001,-1.259999999999991,35.540000000000006
1339,20260719,anaphor_agreement,85.54,52.73,65.14,86.8,32.81000000000001,20.400000000000006,12.410000000000004,-1.259999999999991,35.540000000000006
1339,20260720,anaphor_agreement,85.54,52.73,62.57,86.8,32.81000000000001,22.970000000000006,9.840000000000003,-1.259999999999991,35.540000000000006
1339,20260721,anaphor_agreement,85.54,52.73,60.25,86.8,32.81000000000001,25.290000000000006,7.520000000000003,-1.259999999999991,35.540000000000006
1339,20260722,anaphor_agreement,85.54,52.73,69.4,86.8,32.81000000000001,16.14,16.67000000000001,-1.259999999999991,35.540000000000006
1339,20260718,argument_structure,69.66,56.21,61.38,67.52,13.449999999999996,8.279999999999994,5.170000000000002,2.1400000000000006,19.659999999999997
1339,20260719,argument_structure,69.66,56.21,59.72,67.52,13.449999999999996,9.939999999999998,3.509999999999998,2.1400000000000006,19.659999999999997
1339,20260720,argument_structure,69.66,56.21,60.33,67.52,13.449999999999996,9.329999999999998,4.119999999999997,2.1400000000000006,19.659999999999997
1339,20260721,argument_structure,69.66,56.21,61.05,67.52,13.449999999999996,8.61,4.839999999999996,2.1400000000000006,19.659999999999997
1339,20260722,argument_structure,69.66,56.21,61.25,67.52,13.449999999999996,8.409999999999997,5.039999999999999,2.1400000000000006,19.659999999999997
1339,20260718,binding,69.77,60.71,60.66,68.63,9.059999999999995,9.11,-0.05000000000000426,1.1400000000000006,19.769999999999996
1339,20260719,binding,69.77,60.71,62.78,68.63,9.059999999999995,6.989999999999995,2.0700000000000003,1.1400000000000006,19.769999999999996
1339,20260720,binding,69.77,60.71,61.23,68.63,9.059999999999995,8.54,0.519999999999996,1.1400000000000006,19.769999999999996
1339,20260721,binding,69.77,60.71,61.32,68.63,9.059999999999995,8.449999999999996,0.6099999999999994,1.1400000000000006,19.769999999999996
1339,20260722,binding,69.77,60.71,60.88,68.63,9.059999999999995,8.889999999999993,0.1700000000000017,1.1400000000000006,19.769999999999996
1339,20260718,control_raising,63.26,56.75,58.06,63.76,6.509999999999998,5.199999999999996,1.3100000000000023,-0.5,13.259999999999998
1339,20260719,control_raising,63.26,56.75,59.57,63.76,6.509999999999998,3.6899999999999977,2.8200000000000003,-0.5,13.259999999999998
1339,20260720,control_raising,63.26,56.75,58.97,63.76,6.509999999999998,4.289999999999999,2.219999999999999,-0.5,13.259999999999998
1339,20260721,control_raising,63.26,56.75,57.9,63.76,6.509999999999998,5.359999999999999,1.1499999999999986,-0.5,13.259999999999998
1339,20260722,control_raising,63.26,56.75,58.15,63.76,6.509999999999998,5.109999999999999,1.3999999999999986,-0.5,13.259999999999998
1339,20260718,determiner_noun_agreement,86.65,58.53,64.1,86.41,28.120000000000005,22.55000000000001,5.569999999999993,0.2400000000000091,36.650000000000006
1339,20260719,determiner_noun_agreement,86.65,58.53,63.58,86.41,28.120000000000005,23.070000000000007,5.049999999999997,0.2400000000000091,36.650000000000006
1339,20260720,determiner_noun_agreement,86.65,58.53,63.24,86.41,28.120000000000005,23.410000000000004,4.710000000000001,0.2400000000000091,36.650000000000006
1339,20260721,determiner_noun_agreement,86.65,58.53,62.95,86.41,28.120000000000005,23.700000000000003,4.420000000000002,0.2400000000000091,36.650000000000006
1339,20260722,determiner_noun_agreement,86.65,58.53,65.07,86.41,28.120000000000005,21.580000000000013,6.539999999999992,0.2400000000000091,36.650000000000006
1339,20260718,ellipsis,69.75,39.14,36.75,65.64,30.61,33.0,-2.3900000000000006,4.109999999999999,19.75
1339,20260719,ellipsis,69.75,39.14,39.82,65.64,30.61,29.93,0.6799999999999997,4.109999999999999,19.75
1339,20260720,ellipsis,69.75,39.14,40.61,65.64,30.61,29.14,1.4699999999999989,4.109999999999999,19.75
1339,20260721,ellipsis,69.75,39.14,38.71,65.64,30.61,31.04,-0.4299999999999997,4.109999999999999,19.75
1339,20260722,ellipsis,69.75,39.14,39.08,65.64,30.61,30.67,-0.060000000000002274,4.109999999999999,19.75
1339,20260718,filler_gap_dependency,69.4,56.95,61.06,67.36,12.450000000000003,8.340000000000003,4.109999999999999,2.0400000000000063,19.400000000000006
1339,20260719,filler_gap_dependency,69.4,56.95,62.0,67.36,12.450000000000003,7.400000000000006,5.049999999999997,2.0400000000000063,19.400000000000006
1339,20260720,filler_gap_dependency,69.4,56.95,61.27,67.36,12.450000000000003,8.130000000000003,4.32,2.0400000000000063,19.400000000000006
1339,20260721,filler_gap_dependency,69.4,56.95,61.17,67.36,12.450000000000003,8.230000000000004,4.219999999999999,2.0400000000000063,19.400000000000006
1339,20260722,filler_gap_dependency,69.4,56.95,60.96,67.36,12.450000000000003,8.440000000000005,4.009999999999998,2.0400000000000063,19.400000000000006
1339,20260718,irregular_forms,88.33,64.95,75.83,87.28,23.379999999999995,12.5,10.879999999999995,1.0499999999999972,38.33
1339,20260719,irregular_forms,88.33,64.95,71.52,87.28,23.379999999999995,16.810000000000002,6.569999999999993,1.0499999999999972,38.33
1339,20260720,irregular_forms,88.33,64.95,76.72,87.28,23.379999999999995,11.61,11.769999999999996,1.0499999999999972,38.33
1339,20260721,irregular_forms,88.33,64.95,70.68,87.28,23.379999999999995,17.64999999999999,5.730000000000004,1.0499999999999972,38.33
1339,20260722,irregular_forms,88.33,64.95,72.36,87.28,23.379999999999995,15.969999999999999,7.409999999999997,1.0499999999999972,38.33
1339,20260718,island_effects,49.34,54.65,53.42,51.85,-5.309999999999995,-4.079999999999998,-1.2299999999999969,-2.509999999999998,-0.6599999999999966
1339,20260719,island_effects,49.34,54.65,49.25,51.85,-5.309999999999995,0.09000000000000341,-5.399999999999999,-2.509999999999998,-0.6599999999999966
1339,20260720,island_effects,49.34,54.65,51.02,51.85,-5.309999999999995,-1.6799999999999997,-3.6299999999999955,-2.509999999999998,-0.6599999999999966
1339,20260721,island_effects,49.34,54.65,51.17,51.85,-5.309999999999995,-1.8299999999999983,-3.479999999999997,-2.509999999999998,-0.6599999999999966
1339,20260722,island_effects,49.34,54.65,52.74,51.85,-5.309999999999995,-3.3999999999999986,-1.9099999999999966,-2.509999999999998,-0.6599999999999966
1339,20260718,npi_licensing,55.65,41.45,48.71,51.59,14.199999999999996,6.939999999999998,7.259999999999998,4.059999999999995,5.649999999999999
1339,20260719,npi_licensing,55.65,41.45,52.48,51.59,14.199999999999996,3.1700000000000017,11.029999999999994,4.059999999999995,5.649999999999999
1339,20260720,npi_licensing,55.65,41.45,45.2,51.59,14.199999999999996,10.449999999999996,3.75,4.059999999999995,5.649999999999999
1339,20260721,npi_licensing,55.65,41.45,51.17,51.59,14.199999999999996,4.479999999999997,9.719999999999999,4.059999999999995,5.649999999999999
1339,20260722,npi_licensing,55.65,41.45,50.63,51.59,14.199999999999996,5.019999999999996,9.18,4.059999999999995,5.649999999999999
1339,20260718,quantifiers,79.64,58.91,67.5,83.42,20.730000000000004,12.14,8.590000000000003,-3.780000000000001,29.64
1339,20260719,quantifiers,79.64,58.91,55.2,83.42,20.730000000000004,24.439999999999998,-3.7099999999999937,-3.780000000000001,29.64
1339,20260720,quantifiers,79.64,58.91,51.92,83.42,20.730000000000004,27.72,-6.989999999999995,-3.780000000000001,29.64
1339,20260721,quantifiers,79.64,58.91,57.54,83.42,20.730000000000004,22.1,-1.3699999999999974,-3.780000000000001,29.64
1339,20260722,quantifiers,79.64,58.91,59.33,83.42,20.730000000000004,20.310000000000002,0.4200000000000017,-3.780000000000001,29.64
1339,20260718,s-selection,78.38,68.48,70.3,77.12,9.899999999999991,8.079999999999998,1.8199999999999932,1.259999999999991,28.379999999999995
1339,20260719,s-selection,78.38,68.48,71.23,77.12,9.899999999999991,7.1499999999999915,2.75,1.259999999999991,28.379999999999995
1339,20260720,s-selection,78.38,68.48,69.09,77.12,9.899999999999991,9.289999999999992,0.6099999999999994,1.259999999999991,28.379999999999995
1339,20260721,s-selection,78.38,68.48,70.24,77.12,9.899999999999991,8.14,1.759999999999991,1.259999999999991,28.379999999999995
1339,20260722,s-selection,78.38,68.48,72.5,77.12,9.899999999999991,5.8799999999999955,4.019999999999996,1.259999999999991,28.379999999999995
1339,20260718,subject_verb_agreement,64.97,50.25,51.06,64.64,14.719999999999999,13.909999999999997,0.8100000000000023,0.3299999999999983,14.969999999999999
1339,20260719,subject_verb_agreement,64.97,50.25,51.97,64.64,14.719999999999999,13.0,1.7199999999999989,0.3299999999999983,14.969999999999999
1339,20260720,subject_verb_agreement,64.97,50.25,52.64,64.64,14.719999999999999,12.329999999999998,2.3900000000000006,0.3299999999999983,14.969999999999999
1339,20260721,subject_verb_agreement,64.97,50.25,51.89,64.64,14.719999999999999,13.079999999999998,1.6400000000000006,0.3299999999999983,14.969999999999999
1339,20260722,subject_verb_agreement,64.97,50.25,52.74,64.64,14.719999999999999,12.229999999999997,2.490000000000002,0.3299999999999983,14.969999999999999
